{
  "f1": 0.8799313893653516,
  "precision": 0.9259927797833934,
  "recall": 0.8382352941176471,
  "accuracy": 0.9416666666666667,
  "tp": 513,
  "fp": 41,
  "tn": 1747,
  "fn": 99,
  "validation_size": 2400,
  "ml_threshold": 50.0
}